Wpk,A0Q4P5
Isin,US5439122087
Isin,US69351J5121
Isin,US7617242026
Isin,US7617243016
Isin,US52469E5006
Isin,US2618941098
Isin,US4377693001
Isin,US69351J2490
Isin,US69351J5790
Wpk,989287
Isin,US2619861030
Isin,US89155H7026
Isin,US8858826212
Isin,US81114R1032
Isin,US9300574509
Isin,US00245V1061
Isin,US09248U8172
Wpk,970002
Isin,US8163261022
Wpk,970908
Isin,US5439163081
Isin,US3139131052
Isin,US0263931083
Wpk,A0D8LR
Wpk,970467
Wpk,972836
Isin,US03072X1046
Isin,US25159K8201
Wpk,933578
Isin,US2779058658
Wpk,A0LBRA
Isin,US8163321008
Isin,US9289695002
Isin,US0014197463
Wpk,970044
Isin,US7429694398
ValorenNumber,582280
Isin,US7429694703
ValorenNumber,2546703
ValorenNumber,2030954
ValorenNumber,1375677
ValorenNumber,917240
ValorenNumber,916808
ValorenNumber,582314
ValorenNumber,621555
Isin,US0186361004
ValorenNumber,1033079
ValorenNumber,155453
ValorenNumber,153771
ValorenNumber,2498926
Isin,US19764J1043
ValorenNumber,967541
Wpk,A1CTJY
Wpk,A0YH29
Isin,US6819374884
ValorenNumber,873772
ValorenNumber,873891
Isin,US0014133013
ValorenNumber,2078912
ValorenNumber,661350
ValorenNumber,1198854
ValorenNumber,766323
ValorenNumber,951183
Wpk,987021
Wpk,A1C03A
ValorenNumber,1387535
Wpk,971142
ValorenNumber,1709122
ValorenNumber,74131
Isin,US8769221057
Wpk,970077
Wpk,970078
Wpk,754954
ValorenNumber,787262
Wpk,970082
Isin,US2562011047
Wpk,631864
Wpk,A0M0K0
Isin,US52468E1055
ValorenNumber,1030479
Wpk,806928
Wpk,970086
ValorenNumber,104655
ValorenNumber,927119
Isin,US01859T1060
ValorenNumber,964590
Wpk,972837
Wpk,A1C0M8
Wpk,970376
ValorenNumber,967538
Isin,US8297971090
ValorenNumber,970775
ValorenNumber,282145
ValorenNumber,969583
Wpk,A0RB35
Wpk,971812
ValorenNumber,1283084
Wpk,970097
Wpk,970100
Isin,US0014107033
ValorenNumber,2437511
Wpk,676165
Wpk,985332
ValorenNumber,71601
ValorenNumber,915827
ValorenNumber,1032254
ValorenNumber,637083
ValorenNumber,873782
Wpk,971838
Wpk,A0Q0SN
ValorenNumber,931818
Wpk,970108
ValorenNumber,4862
ValorenNumber,873791
Isin,US9269028596
Wpk,970132
ValorenNumber,969663
Wpk,970881
ValorenNumber,912984
ValorenNumber,1032256
Wpk,972834
Wpk,970135
Wpk,971141
ValorenNumber,943625
ValorenNumber,927113
ValorenNumber,1124452
ValorenNumber,1380629
ValorenNumber,1381042
ValorenNumber,925186
Wpk,970146
ValorenNumber,1851887
ValorenNumber,628772
Isin,US09255T1097
ValorenNumber,111374
ValorenNumber,2288029
Wpk,970382
Wpk,970636
ValorenNumber,2140316
ValorenNumber,1132145
ValorenNumber,2548260
Isin,US00245Y1001
Isin,US00246B1098
ValorenNumber,2554160
ValorenNumber,199325
ValorenNumber,292267
ValorenNumber,839316
ValorenNumber,839326
ValorenNumber,840255
Sedol,2491000
ValorenNumber,809959
ValorenNumber,840256
ValorenNumber,947659
ValorenNumber,677343
ValorenNumber,415601
Isin,US19766F3405
Wpk,971470
ValorenNumber,199326
ValorenNumber,415600
Wpk,970510
Wpk,970499
Isin,US63867R4074
Isin,US63872R1032
Isin,US6412243080
Isin,US19764U4067
Isin,US36239V1089
Isin,US5757191094
Isin,US5757361036
Isin,US9720011017
Isin,US36464W1027
Isin,US52469F1350
Isin,US31638R2040
Isin,US2620014314
Isin,US87505V3978
Isin,US52469E1047
Isin,US00141B5848
Isin,US22235L2034
Isin,US63867R6210
Isin,US63867R2581
Isin,US6283801073
Isin,US3176091391
Isin,US8163351039
Isin,US92828N7912
Isin,US0185251057
Isin,US77956H2031
Isin,US6169332060
Isin,US68380H2085
Isin,US2862791041
Isin,US6642101017
Isin,US09251G5071
Isin,US5434873189
Isin,US25155T5103
Isin,US52470J4076
Isin,US7795721064
Isin,US2382102075
Isin,US0014225009
Isin,US7175881074
Isin,US22540Y8259
Isin,US3696611033
Sedol,2689043
Isin,US3525181042
Isin,US7414791092
Isin,US7795621074
Isin,US00142J4792
Isin,US2390801049
Isin,US3163451079
Isin,US2459128789
Isin,US37252M1080
Isin,US7467611056
Isin,US7467921000
Isin,US7468091027
Isin,US23337T1025
Isin,US25156G7152
Isin,US25157W4042
Isin,US25157M6791
Isin,US7809058404
Isin,US01877E1073
Isin,US3534962010
Isin,US7467451081
Isin,US0030213674
Isin,US8603248399
Isin,US9220313079
Isin,US40168W1036
Isin,US40168W4758
Isin,US8162211051
Isin,US9032891064
Isin,US47803P3029
Isin,US9229072098
Isin,US8574831017
Isin,US03072W1062
Isin,US19765N4198
Isin,US81115H1041
Isin,US00143K4004
Isin,US25159L5628
Sedol,2893208
Isin,US41013P1030
Isin,US48019P1021
Isin,US4099063020
Isin,US3535181032
Isin,US9229073088
Isin,US0250831064
Isin,US0250835024
Isin,US9229071009
Isin,US46600G8794
Isin,US30249C1018
Isin,US9300571042
Isin,US9300575001
Isin,US9204231008
Isin,US9204401049
Isin,US9204571080
Isin,US89360D1081
Isin,US2338201096
Isin,US9301321058
Isin,US93208V3042
Isin,US9393301067
Isin,US9219351023
Isin,US89360C4235
Isin,US74972K5598
Isin,US8163381077
Isin,US9220181062
Isin,US3535161075
Isin,US6537411083
Isin,US00142C2439
Isin,US2620014983
Isin,US9219261016
Isin,US9220314069
Isin,US0265101073
Isin,US3160711095
Isin,US3139141036
Isin,US5246944038
Isin,US1976661009
Isin,US3678292075
Isin,US60934N2945
Isin,US7239071019
Sedol,B0C9435
Isin,US00143M7112
Isin,US3160621088
Isin,US2459051049
Isin,US3160895070
Isin,US7240272309
Isin,US8568481068
Isin,US8568511005
Isin,US5648153063
Isin,US8801961009
Isin,US8252492041
Isin,US7470121028
Isin,US25155T6689
Isin,US3141951083
Isin,US60934N7407
Isin,US9219281071
Isin,US3535351072
Isin,US1166501023
Isin,US7795511002
Isin,US25155T5699
Isin,US74925K7063
Isin,US6537351008
Isin,US09252L5057
Isin,US5529841067
Isin,US41014E8342
Isin,US00143M7781
Isin,US7467821010
Isin,US41014E8185
Isin,US0155661020
Isin,US7557401079
Isin,US41014E7682
Isin,US63873A1097
Isin,US41014E7922
Sedol,B0C9DK5
Isin,US2459108070
Isin,US09248U7182
Isin,US78443M6075
Sedol,2337751
Isin,US8568391051
Isin,US8568341064
Isin,US1315771089
Isin,US94984B6377
Isin,US2779117496
Isin,US05528C4024
Isin,US9899969136
Sedol,2689106
Isin,US09253V1061
Isin,US40168W4345
Isin,US2391038641
Isin,US9300576660
Isin,US9300577999
Isin,US6837961068
Isin,US6956271091
Isin,US0088797446
Isin,US0014217428
Isin,US6169801080
Isin,US19765L8506
Isin,US9196421088
Isin,US74441U2042
Isin,US9220312089
Isin,US7839257950
Isin,US9229074078
Isin,US6261241011
Isin,US38142B7991
Isin,US8172705076
Sedol,B0CB011
Isin,US7429751057
Isin,US3159108444
Isin,US44980G6017
Isin,US00900W1009
Isin,US3164641066
Isin,US3159108519
Isin,US19766G8684
Isin,US19764F8547
Isin,US3002374763
Isin,US61744J8383
Isin,US19765N4685
Isin,US9229075067
Isin,US31420C7048
Isin,US63872R8300
Isin,US0185501030
Isin,US89154W1062
Isin,US60934N7324
Isin,US32008F5070
Isin,US3534966078
Isin,US1971994090
Isin,US78443L6092
Isin,US3002587380
Isin,US9219381061
Isin,US00142R1095
Isin,US00142C7065
Isin,US0187801065
Isin,US00142R3075
Isin,US3161271099
Isin,US9114781050
Isin,US06847P1084
Isin,US7689196076
Isin,US6283803053
Isin,US9204001088
Isin,US2459082077
Isin,US60934N6664
Isin,US59563J1034
Isin,US09252M8340
Isin,US1475431029
Isin,US92828N4034
Isin,US74440Y2072
Isin,US7469331000
Isin,US00141B5764
Isin,US76131T1088
Isin,US60934N2291
Isin,US5529813009
Isin,US44978A2933
Isin,US24611D5730
Isin,US0423171075
Isin,US44978A2776
Isin,US26201S1006
Isin,US56062F2285
Isin,US7236221062
Isin,US8111961046
Isin,US76931J1025
Isin,US74925K6073
Isin,US4533201038
Isin,US2620162071
Sedol,B6T5CB2
Isin,US52470R8887
Isin,US92113B1061
Isin,US92838V8330
Isin,US44978A2446
Isin,US92828R6852
Isin,US1315822072
Isin,US9300577163
Isin,US5439181067
Isin,US44978A2289
Isin,US5440041045
Isin,US5574924933
Isin,US0185961069
Isin,US92828R7843
Isin,US6283802063
Isin,US26248T3014
Isin,US5527231089
Isin,US24611D5409
Isin,US92913X8112
Isin,US92913X8377
Isin,US2862811005
Isin,US0250813088
Isin,US3163454040
Isin,US3161721051
Isin,US6282638328
Isin,US46600G6970
Isin,US5578771074
Isin,US8769021077
Isin,US2695901056
Isin,US5529811029
Isin,US3535381012
Isin,US3161461096
Isin,US19765L5874
Isin,US4710213038
Isin,US7042231065
Isin,US3161841008
Isin,US92828N7003
Isin,US05588Q1013
Isin,US0014218582
Isin,US9204471091
Isin,US5770861012
Isin,US8858824498
Isin,US0014217006
Isin,US09661D4097
Isin,US6641991061
Isin,US92913X8781
Isin,US9032881081
Isin,US2779071016
Isin,US92647Q5870
Isin,US85917K5618
Isin,US3696641071
Isin,US6480181097
Isin,US09252M7763
Isin,US7464761003
Isin,US9220311099
Isin,US9229087021
Isin,US0250818038
Isin,US7795701009
Isin,US4710211057
Isin,US09251C5067
Isin,US92913L6920
Isin,US63872R7989
Isin,US5440061092
Isin,US2620151009
Isin,US92914P1066
Isin,US76931H6018
Isin,US6839671038
Isin,US0185288026
Isin,US0014222030
Isin,US0978731034
Isin,US4710238530
Isin,US2779118718
Isin,US4102231010
Isin,US8141431036
Isin,US3163894021
Isin,US9032882071
Isin,US2949371072
Isin,US3163905256
Isin,US4710212048
Isin,US55272P2083
Isin,US92113Q1031
Isin,US74441N2009
Isin,US6099202029
Isin,US4165293782
Isin,US09248U6192
Isin,US1976171033
Sedol,BYPJQB2
Isin,US30249G1022
Isin,US9300572784
Isin,US3002361067
Isin,US9283748674
Isin,US2779118890
Isin,US19763P5153
Isin,US46600G1013
Isin,US60934G3074
Isin,US4710214028
Isin,US9229062016
Isin,US3159121058
Isin,US75573L1026
Isin,US25158T8484
Isin,US60934G2084
Isin,US00141G7328
Isin,US8174181060
Isin,US2620161081
Isin,US1316181007
Isin,US60934G1094
Isin,US30246J7037
Isin,US29264Q2012
Isin,US29264Q1022
Isin,US5529871098
Isin,US74254V6386
Isin,US60934N7811
Isin,US2174581080
Isin,US77957R8043
Isin,US9264643639
Isin,US38142B8312
Isin,US74440W4096
Isin,US8080881084
Isin,US3540141021
Isin,US7795731048
Isin,US09248U7000
Isin,US60934N1954
Isin,US2618801086
Isin,US9229081081
Isin,US77957R7052
Isin,US0014192175
Isin,US1475481016
Isin,US05588B1044
Isin,US44977C3658
Isin,US0930014024
Isin,US9289657143
Isin,US22235L3024
Isin,US3160481079
Isin,US5246581012
Isin,US23337Y2000
Sedol,BMJJWD8
Isin,US09253C5040
Isin,US09253C8192
Isin,US60934N7993
Isin,US2619801069
Isin,US0185254028
Isin,US9032883061
Isin,US7841181016
Isin,US00142J8421
Isin,US6169502001
Isin,US0185288778
Isin,US1316202050
Isin,US1316201060
Isin,US7841182006
Isin,US1256751082
Isin,US52470R7558
Isin,US7795751095
Isin,US01864D4016
Isin,US0186428274
Isin,US2949381055
Isin,US3162001040
Isin,US6774101025
Isin,US8252491050
Isin,US0186428357
Isin,US9114766044
Isin,US88022L1026
Isin,US0187134046
Isin,US4710215017
Isin,US0186363083
Isin,US0250815067
Isin,US00507M1099
Isin,US0049401021
Isin,US0049411004
Isin,US3002375752
Isin,US01877F8564
Isin,US9229063006
Isin,US01877F6097
Isin,US3163901032
Isin,US3163903012
Isin,US3163902022
Isin,US00245G1094
Isin,US9204661097
Isin,US09252E5015
Isin,US2619862020
Isin,US26201N2009
Isin,US26201Y2063
Isin,US2620015147
Isin,US3139071076
Isin,US41013J1079
Isin,US67060D1072
Isin,US52469J2024
Isin,US4319907048
Isin,US0144701085
Isin,US74441P8418
Isin,US67060F1021
Isin,US89154V1089
Sedol,2546115
Isin,US67060P1003
Isin,US0250838820
Sedol,2609148
Isin,US0185288695
Isin,US24611D7066
Isin,US2459111025
Isin,US19766E8066
Isin,US01859T4031
Isin,US0185974013
Isin,US52469C1080
Isin,US0186428506
Isin,US0186428431
Isin,US0186428688
Isin,US74441Q2030
Isin,US1256651092
Isin,US3164621001
Isin,US23339A2006
Isin,US01853W3034
Isin,US72387W7965
Isin,US23338E2037
Isin,US9499173063
Isin,US9499155326
Isin,US2779058328
Isin,US2332035045
Isin,US01877C3097
Isin,US74975K3095
Isin,US01877E4044
Isin,US38142B7652
Isin,US6169821047
Isin,US0187803046
Isin,US0187804036
Isin,US1475432019
Isin,US3029334030
Isin,US3163906080
Isin,US3163905090
Isin,US3703751079
Isin,US7610562099
Isin,US6169831020
Isin,US94985D7646
Isin,US3547191060
Isin,US2619802059
Isin,US6418681044
Isin,US3141841029
Isin,US3141991006
Isin,US3142098009
Isin,US23336Y8883
Isin,US52469F2911
Isin,US23339E5336
Isin,US2332038353
Isin,US2629042043
Isin,US2629041052
Isin,US2332038270
Isin,US2332038197
Isin,US3540253065
Isin,US3547236949
Isin,US7839263065
Isin,US7839261085
Isin,US15642H8640
Isin,US0144702075
Isin,US4710238613
Isin,US9032892054
Isin,US9032893045
Isin,US9114761094
Isin,US5246866157
Isin,US74441T2078
Isin,US7237511032
Isin,US7467011018
Isin,US19765L3143
Isin,US7467781099
Isin,US9032884051
Isin,US6837962058
Isin,US60934N8645
Isin,US85917K5469
Isin,US14214L5104
Isin,US92837F8398
Sedol,2612210
Isin,US4812C18769
Isin,US09247U1079
Isin,US09247B1098
Isin,US09247C1071
Isin,US6774103005
Isin,US09247E1038
Isin,US7429731000
Isin,US8802102082
Isin,US9269028265
Isin,US26200X2099
Isin,US5574924107
Isin,US31428P1030
Isin,US4780323030
Isin,US3161453093
Isin,US05569M6811
Isin,US38142B6662
Isin,US25158X1046
Isin,US2619794058
Isin,US25159H4056
Isin,US9219481051
Isin,US0186431062
Isin,US3003401060
Isin,US92647D7350
Isin,US92647D7434
Isin,US92828R5037
Isin,US6839442018
Isin,US7141991064
Isin,US6652783134
Isin,US8669188653
Isin,US61757K2015
Isin,US6652785949
Isin,US4440859142
Isin,US60934N7571
Isin,US90348L2043
Isin,US90348L1052
Isin,US90265L1044
Isin,US74645A3014
Isin,US9032888011
Isin,US9032887021
Isin,US9219392035
Isin,US0014131371
Isin,US7429061002
Isin,US05587E3071
Isin,US3698991094
Isin,US5249061046
Isin,US19766H4294
Isin,US9300576256
Isin,US2332036035
Isin,US00900X8847
Isin,US4749038794
Isin,US5439191041
Isin,US9264643712
Isin,US9264643894
Isin,US3167867064
Isin,US4749037051
Isin,US05588V1008
Isin,US05589N1072
Isin,US3206251064
Isin,US4749034082
Isin,US09248U1060
Isin,US09248U7596
Isin,US00143N7509
Isin,US5574925435
Isin,US5578785017
Isin,US5574927258
Isin,US81631Y1029
Isin,US9114762084
Isin,US57681T1025
Isin,US1976431098
Isin,US9264646780
Isin,US97181C5224
Isin,US30246J8027
Isin,US9269028000
Isin,US74683Q3092
Isin,US72387W7882
Isin,US1746887058
Isin,US6537401001
Isin,US5529883051
Isin,US0250755081
Isin,US0250756071
Isin,US0250753003
Isin,US1316203041
Isin,US2338091026
Isin,US2338092016
Isin,US3159021068
Isin,US3159022058
Isin,US64128K6038
Isin,US81063U7019
Isin,US81063U8835
Isin,US81063U1079
Isin,US81063U4040
Isin,US74926P8784
Isin,US52468C1099
Isin,US3957241074
Isin,US7839652051
Isin,US3164011088
Isin,US0250838416
Isin,US0250837590
Isin,US2459091060
Isin,US3535191015
Isin,US30249H1005
Isin,US7799021057
Isin,US8144171019
Isin,US6438221094
Isin,US19766F2746
Isin,US8163462091
Isin,US8163463081
Isin,US8163461002
Isin,US8163464071
Isin,US8163465060
Isin,US92837N8166
Isin,US0189186150
Isin,US77957P1057
Isin,US19765P1259
Isin,US9032894035
Isin,US31428M1009
Isin,US00142F1057
Isin,US00142F8656
Isin,US00142F8243
Isin,US00142F7666
Isin,US00142F6593
Isin,US5434873833
Isin,US63872T5056
Isin,US5439021008
Isin,US5439022097
Isin,US10923P7924
Isin,US0088793064
Isin,US0014137071
Isin,US52468T1025
Isin,US7610631068
Isin,US6630381076
Isin,US9289181011
Isin,US9204611001
Isin,US63859B3454
Isin,US19765L8274
Isin,US10923P8005
Isin,US6442643010
Isin,US3025481025
Isin,US16140T1034
Isin,US52469F3588
Isin,US2987061023
Isin,US05589Q1004
Isin,US2459127468
Isin,US37045H1014
Isin,US3139143016
Isin,US52470R8473
Isin,US8252526467
Isin,US8252524066
Isin,US19766F8602
Isin,US00246C8001
Isin,US9219081091
Isin,US9219083071
Isin,US9219082081
Isin,US00888W6194
Isin,US60934N2374
Isin,US81063U8678
Isin,US3163372036
Isin,US3163371046
Isin,US0249344088
Isin,US3160612095
Isin,US3160611006
Isin,US9204612090
Isin,US00142J8835
Isin,US0014191672
Isin,US52470R2013
Isin,US52470R7061
Isin,US5529843048
Isin,US2916261090
Isin,US8852154595
Isin,US9229076057
Isin,US5529821002
Isin,US31420G1013
Isin,US3141721072
Isin,US3141971040
Isin,US3164486041
Isin,US31420G6061
Isin,US31420C8863
Isin,US52468W1053
Isin,US3786908877
Isin,US4454452081
Isin,US3139153080
Isin,US5896191054
Isin,US3141953063
Isin,US3139133033
Isin,US8163513083
Isin,US8163512093
Isin,US23337L5057
Isin,US32060H1023
Isin,US3206171031
Isin,US92828R6696
Isin,US52469F2671
Isin,US52469F2341
Isin,US31420C8525
Isin,US7689156054
Isin,US6169692000
Isin,US46600B2271
Isin,US3704541008
Isin,US14754H1014
Isin,US3163431022
Isin,US09251V1089
Isin,US7439692069
Isin,US64128K8356
Isin,US52469L3069
Isin,US3163908060
Isin,US3163907070
Isin,US9032871009
Isin,US9032872098
Isin,US92040P1030
Isin,US2338161076
Isin,US19765P3727
Isin,US25159L7293
Isin,US42588P5026
Isin,US52469L8506
Isin,US55273N7075
Isin,US55273N8719
Isin,US55273N8636
Isin,US55273N8305
Isin,US55273N8222
Isin,US9219361006
Isin,US52469L7698
Isin,US52469L8191
Isin,US52469E8646
Isin,US7414811056
Isin,US23338J4004
Isin,US23337P1003
Isin,US52469E8562
Isin,US1475411062
Sedol,B0C9BH8
Isin,US52469X8056
Isin,US3163891050
Isin,US52469E8802
Isin,US3645901097
Isin,US31617K2042
Isin,US97200P8683
Isin,US97200P8014
Isin,US19766H2215
Isin,US1888501012
Isin,US52469E3027
Isin,US4223591094
Isin,US92828R8593
Isin,US7468851024
Isin,US8670314033
Isin,US3167865654
Isin,US6681406921
Isin,US97200P8436
Isin,US6494571085
Isin,US9289665062
Isin,US6261296627
Isin,US6261296544
Isin,US3158091039
Isin,US3158051017
Isin,US3158081055
Isin,US8163363091
Isin,US8163361012
Isin,US6261296478
Isin,US58510R1014
Isin,US6261294317
Isin,US9219091074
Isin,US92646A3510
Isin,US2459092050
Isin,US8669191038
Isin,US1316208669
Isin,US7414861044
Isin,US58510R2004
Isin,US9114765053
Isin,US74644B1026
Isin,US6261297799
Isin,US0249352073
Isin,US0249353063
Isin,US74439V2060
Isin,US2075641058
Isin,US2620062081
Isin,US26202K2050
Isin,US3547231080
Isin,US3547232070
Isin,US3547233060
Isin,US3547234050
Isin,US3547235040
Isin,US3547236030
Isin,US55273N8065
Isin,US89154V6039
Isin,US92646A2520
Isin,US4710234083
Isin,US4710235072
Isin,US7017651099
Isin,US7689231048
Isin,US6261295553
Isin,US6261297468
Isin,US6261297385
Isin,US6261293087
Isin,US6261298292
Isin,US8360831056
Isin,US8670318091
Isin,US6261298110
Isin,US4658985266
Isin,US6261296213
Isin,US6261295975
Isin,US6261296056
Isin,US7468471021
Isin,US31420G3092
Isin,US26188J2069
Isin,US7611043065
Isin,US9204041001
Isin,US6174401025
Isin,US00143M8516
Isin,US3393704057
Isin,US05588P1030
Isin,US1281194019
Isin,US4200161077
Isin,US9220182052
Isin,US4812A17120
Isin,US4812A11594
Isin,US2619021007
Isin,US8939575309
Sedol,B5LS7D9
Isin,US0288371026
Isin,US46132J1025
Isin,US00142J6516
Isin,US92112Q1040
Isin,US92112W1018
Isin,US76931X1019
Isin,US40168W6571
Sedol,2611886
Isin,US2779028131
Isin,US9264647697
Isin,US2207141092
Isin,US2207143072
Isin,US2207142082