Isin,JP3476480003
Isin,JP3505000004
Isin,JP3463000004
Isin,JP3172100004
Isin,JP3792600003
Isin,JP3910660004
Isin,JP3420600003
Isin,JP3942400007
Isin,JP3122800000
Isin,JP3899800001
Isin,JP3539220008
Isin,JP3667600005
Isin,JP3495000006
Isin,JP3752900005
Isin,JP3868400007
Isin,JP3893200000
Isin,JP3676800000
Isin,JP3347200002
Isin,JP3304200003
Isin,JP3854600008
Isin,JP3899600005
Isin,JP3918000005
Isin,JP3519400000
Isin,JP3405400007
Isin,JP3397200001
Isin,JP3582600007
Isin,JP3743000006
Isin,JP3160400002
Isin,JP3787000003
Isin,JP3814800003
Isin,JP3409000001
Isin,JP3435750009
Isin,JP3546800008
Isin,JP3266400005
Isin,JP3942800008
Isin,JP3597800006
Isin,JP3548610009
Isin,JP3475350009
Isin,JP3166000004
Isin,JP3657400002
Isin,JP3574200006
Isin,JP3320800000
Isin,JP3188220002
Isin,JP3481800005
Isin,JP3201200007
Isin,JP3196000008
Isin,JP3116000005
Isin,JP3493400000
Isin,JP3720800006
Isin,JP3494600004
Isin,JP3277800003
Isin,JP3258000003
Isin,JP3933800009
Isin,JP3165600002
Isin,JP3242800005
Isin,JP3278600006
Isin,JP3459600007
Isin,JP3637300009
Isin,JP3292200007
Isin,JP3973400009
Isin,JP3783600004
Isin,JP3663900003
Isin,JP3311400000
Isin,JP3906000009
Isin,JP3352400000
Isin,JP3659000008
Isin,JP3240400006
Isin,JP3967200001
Isin,JP3788600009
Isin,JP3778630008
Isin,JP3566800003
Isin,JP3119600009
Isin,JP3814000000
Isin,JP3902400005
Isin,JP3629000005
Isin,JP3729400006
Isin,JP3665200006
Isin,JP3300600008
Isin,JP3820000002
Isin,JP3493800001
Isin,JP3940000007
Isin,JP3726800000
Isin,JP3351600006
Isin,JP3932000007
Isin,JP3942600002
Isin,JP3753000003
Isin,JP3386380004
Isin,JP3142500002
Isin,JP3197800000
Isin,JP3143600009
Isin,JP3362700001
Isin,JP3894900004
Isin,JP3386450005
Isin,JP3385820000
Isin,JP3877600001
Isin,JP3223800008
Isin,JP3619800000
Isin,JP3955800002
Isin,JP3733000008
Isin,JP3635000007
Isin,XS1842015429
Isin,CA72820FAL72
Isin,US194693AA50
Isin,CA318323AF92
Isin,CA58546RAB56
Isin,CA301283AM97
Isin,CA05465JAA30
Isin,US78573M2035
Isin,NO0010821010
Isin,US29272W2089
Isin,CA46136UAA12
Isin,XS1933947951
Isin,US28414H2022
Isin,CA318323AG75
Isin,CA86880YAA79
Isin,NO0010766546
Isin,XS1209185161
Isin,CA301283AJ68
Isin,CA301283AH03
Isin,CA30224TAD50
Isin,US8425876021
Isin,CA73106RAA82
Isin,CA255331AA83
Isin,DE000A2LQRA1
Isin,US29257YAA29
Isin,CA16387PAK99
Isin,DE000A2GSDH2
Isin,CA11777PAG78
Isin,CA001181AJ59
Isin,CA46136UAB94
Isin,CA77519RAD40
Isin,CH0459297427
Isin,CA74061AAH10
Isin,USG81075AF39
Isin,XS2284240137
Isin,CA134801AA73
Isin,CA172454AC48
Isin,FR0013457942
Isin,CA026695AA47
Isin,XS2082419404
Isin,XS2240512124
Isin,CA290876AA99
Isin,US1011372067
Isin,CA38217MAA86
Isin,DE000A2BPB84
Isin,CA31660AAA12
Isin,CA318323AH58
Isin,US1940142052
Isin,AT0000A2NW26
Isin,CA04964GAF78
Isin,FR0013520681
Isin,DE000A3H2XW6
Isin,DE000A289T23
Isin,CA656811AB23
Isin,US0758874061
Isin,CA89612WAC60
Isin,CA96810CAA95
Isin,US69331C1403
Isin,CA653905AA77
Isin,DE000A3E4548
Isin,CA31833LAA94
Isin,FR0014000105
Isin,CA16387PAJ27
Isin,CA625284AC82
Isin,CA74061AAJ75
Isin,DE000A3E46Y9
Isin,CA77519RAE23F
Isin,CA88709BAC87
Isin,US34984VAC46
Isin,NO0010771025
Isin,US06738G8A15
Isin,US11135F2002
Isin,CA488295AA43
Isin,FR0014001WC2
Isin,US0758875050
Isin,DE000A2GS3Y9
Isin,DE000A283WZ3
Isin,US05352A2096
Isin,CA015644AF47
Isin,US15912K2096
Isin,CA001181AH93
Isin,CA11777PAH51
Isin,US46647MQL09
Isin,FR0013450483
Isin,US20478NAC48
Isin,US20478NAD21
Isin,US00170F3082
Isin,US00170F2092
Isin,US928298AG39
Isin,US928298AJ77
Isin,US94973VBD82
Isin,US94973VBG14
Isin,US48123VAC63
Isin,US67020YAH36
Isin,US298736AL30
Isin,US67020YAG52
Isin,US67020YAK64
Isin,US298736AJ83
Isin,US811904AN18
Isin,US68375NAA19
Isin,US96122DAV47
Isin,US961391BP34
Isin,US961391BQ17
Isin,US961503AA78
Isin,US961743BB68
Isin,US96272PAA12
Isin,US962757KJ86
Isin,US962757KK59
Isin,US963354GK50
Isin,US963354HK42
Isin,US963354HL25
Isin,US963694GD09
Isin,US963694GF56
Isin,US963694GH13
Isin,US965577CT44
Isin,US965577CU17
Isin,US965577CV99
Isin,US965577CW72
Isin,US965577CX55
Isin,US965577CY39
Isin,US965577CZ04
Isin,US965577DA44
Isin,US965577DB27
Isin,US966766BH97
Isin,US9672433M63
Isin,US9672433N47
Isin,US9672433P94
Isin,US9672433Q77
Isin,US9672433R50
Isin,US967243N692
Isin,US967243N775
Isin,US967243N858
Isin,US967243N932
Isin,US967276AM84
Isin,US967276FN13
Isin,US967787AA07
Isin,US967860BL03
Isin,US967860BM85
Isin,US968117AD37
Isin,US968117AQ40
Isin,US968117AR23
Isin,US96811NAH98
Isin,US96811NAJ54
Isin,US956623AJ17
Isin,US956623AK89
Isin,US956623AL62
Isin,US956623AM46
Isin,US9566264Y83
Isin,US956626E765
Isin,US956626E849
Isin,US956626E922
Isin,US956626S971
Isin,US956626YP42
Isin,US95662MGX20
Isin,US95662MPL80
Isin,US95662MPS34
Isin,US95662MQS25
Isin,US956695KN95
Isin,US956695LW85
Isin,US956704SN13
Isin,US957367AW59
Isin,US95829MBR07
Isin,US958519J926
Isin,US958519K254
Isin,US958638QK72
Isin,US958638QL55
Isin,US958868AR25
Isin,US95942TAR86
Isin,US95942TAS69
Isin,US95942TAT43
Isin,US959878CJ60
Isin,US960266NU45
Isin,US960266NV28
Isin,US960334DG27
Isin,US960453C481
Isin,US960453C556
Isin,US960734AN19
Isin,US961017GX25
Isin,US961017GY08
Isin,US961017GZ72
Isin,US961017JB77
Isin,US961017JH48
Isin,US96120NCH35
Isin,US96120NCJ90
Isin,US96120NCK63
Isin,US952348AP53
Isin,US952354BL16
Isin,US95236VBG14
Isin,US952377QQ58
Isin,US952377QR32
Isin,US952377QS15
Isin,US952377QT97
Isin,US953106XZ96
Isin,US953387BK24
Isin,US953387BL07
Isin,US953452AH20
Isin,US953525AB86
Isin,US954447DZ88
Isin,US954710CU19
Isin,US954710CV91
Isin,CH0295521139
Isin,CH0295521154
Isin,CH0295521162
Isin,CH0305069228
Isin,CH0315961356
Isin,CH0315961364
Isin,CH0315961430
Isin,CH0315961455
Isin,CH0315961463
Isin,CH0315961489
Isin,CH0315961505
Isin,CH0315961513
Isin,CH0315961521
Isin,CH0315961547
Isin,CH0315961554
Isin,CH0315961570
Isin,CH0315961588
Isin,CH0315961596
Isin,CH0315961604
Isin,CH0315961620
Isin,CH0315961653
Isin,CH0315961679
Isin,CH0315961695
Isin,CH0315963568
Isin,CH0327712029
Isin,CH0327713993
Isin,CH0327714454
Isin,CH0327714629
Isin,CH0327716822
Isin,CH0327720006
Isin,CH0337535543
Isin,CH0337535550
Isin,CH0337535576
Isin,CH0337535600
Isin,CH0337535642
Isin,CH0337535659
Isin,CH0337535683
Isin,CH0337535717
Isin,CH0337535725
Isin,CH0337535741
Isin,CH0337535766
Isin,CH0337535774
Isin,CH0337535790
Isin,CH0337535824
Isin,CH0337544164
Isin,CH0344144826
Isin,CH0344149601
Isin,CH0344150872
Isin,CH0344155624
Isin,CH0350469695
Isin,CH0350469703
Isin,CH0350469729
Isin,CH0350469752
Isin,CH0350469786
Isin,CH0350469794
Isin,CH0350469810
Isin,CH0350469844
Isin,CH0350469851
Isin,CH0350469885
Isin,CH0350469893
Isin,CH0350469927
Isin,CH0350469943
Isin,CH0350469984
Isin,CH0350469992
Isin,CH0350470388
Isin,CH0350472533
Isin,CH0355984961
Isin,CH0368158793
Isin,CH0368161367
Isin,CH0368163249
Isin,CH0368170988
Isin,CH0380453149
Isin,CH0380453156
Isin,CH0380453172
Isin,CH0380453180
Isin,CH0380453206
Isin,CH0380453255
Isin,CH0380453271
Isin,CH0380453289
Isin,CH0380453297
Isin,CH0380453313
Isin,CH0380453347
Isin,CH0380453362
Isin,CH0380453370
Isin,CH0380453388
Isin,CH0380453396
Isin,CH0380461837
Isin,CH0380469632
Isin,CH0380472537
Isin,CH0380474087
Isin,CH0380474640
Isin,CH0380474657
Isin,CH0380474665
Isin,CH0380474673
Isin,CH0380474699
Isin,CH0380474723
Isin,CH0380474731
Isin,CH0380474756
Isin,CH0380474764
Isin,CH0380474772