Isin,CH0013211526
Isin,CH0013211534
Isin,CH0013211559
Isin,CH0106627075
Isin,CH0107164029
Isin,CH0107164052
Isin,CH0107164060
Isin,CH0107164771
Isin,CH0107166065
Isin,CH0107166461
Isin,CH0114329631
Isin,CH0125518040
Isin,CH0125518065
Isin,CH0125518081
Isin,CH0125518107
Isin,CH0125518156
Isin,CH0125518206
Isin,CH0125523370
Isin,CH0129753445
Isin,CH0129753494
Isin,CH0129753544
Isin,CH0129753551
Isin,CH0129753585
Isin,CH0129753619
Isin,CH0129753627
Isin,CH0129753643
Isin,CH0146319113
Isin,CH0146319121
Isin,CH0146319139
Isin,CH0146319162
Isin,CH0146319170
Isin,CH0146319188
Isin,CH0146319212
Isin,CH0146319220
Isin,CH0146319337
Isin,CH0146319345
Isin,CH0146319386
Isin,CH0146319410
Isin,CH0146319444
Isin,CH0146319451
Isin,CH0183154514
Isin,CH0183155800
Isin,CH0183155818
Isin,CH0183157426
Isin,CH0187193492
Isin,CH0187194730
Isin,CH0187194755
Isin,CH0187194763
Isin,CH0187194789
Isin,CH0187194805
Isin,CH0187194813
Isin,CH0187195000
Isin,CH0187195018
Isin,CH0187195034
Isin,CH0187195067
Isin,CH0187195075
Isin,CH0187195133
Isin,CH0187195182
Isin,CH0187195216
Isin,CH0187203028
Isin,CH0187205171
Isin,CH0187207250
Isin,CH0187209827
Isin,CH0192708862
Isin,CH0198083203
Isin,CH0198083211
Isin,CH0198083260
Isin,CH0198083302
Isin,CH0200195318
Isin,CH0204940776
Isin,CH0204952292
Isin,CH0207628196
Isin,CH0207628204
Isin,CH0207628220
Isin,CH0207628246
Isin,CH0207628261
Isin,CH0207628279
Isin,CH0207628329
Isin,CH0207628337
Isin,CH0207628345
Isin,CH0207628360
Isin,CH0207628378
Isin,CH0207628394
Isin,CH0207628428
Isin,CH0207628477
Isin,CH0207628493
Isin,CH0207628535
Isin,CH0207630374
Isin,CH0207631182
Isin,CH0207631240
Isin,CH0207631257
Isin,CH0207631265
Isin,CH0207631273
Isin,CH0207631299
Isin,CH0207631307
Isin,CH0207631315
Isin,CH0207631349
Isin,CH0207631372
Isin,CH0207631380
Isin,CH0207631398
Isin,CH0207631406
Isin,CH0207631422
Isin,CH0207631455
Isin,CH0207631463
Isin,CH0207631471
Isin,CH0207631489
Isin,CH0211189961
Isin,CH0211190712
Isin,CH0214778331
Isin,CH0214778364
Isin,CH0214778588
Isin,CH0214778596
Isin,CH0214778612
Isin,CH0214778646
Isin,CH0214778653
Isin,CH0214778661
Isin,CH0214778695
Isin,CH0214778729
Isin,CH0214778745
Isin,CH0214778752
Isin,CH0214778760
Isin,CH0214778778
Isin,CH0214778786
Isin,CH0214778802
Isin,CH0214778810
Isin,CH0214778836
Isin,CH0214778844
Isin,CH0214778869
Isin,CH0214780634
Isin,CH0214780659
Isin,CH0214780683
Isin,CH0214780717
Isin,CH0214780733
Isin,CH0214780741
Isin,CH0214780758
Isin,CH0214780790
Isin,CH0214780808
Isin,CH0214780865
Isin,CH0214780873
Isin,CH0214780907
Isin,CH0214780915
Isin,CH0214780923
Isin,CH0214780972
Isin,CH0224422797
Isin,CH0224423043
Isin,CH0229542177
Isin,CH0229547937
Isin,CH0229548000
Isin,CH0240852324
Isin,CH0242442918
Isin,CH0242442942
Isin,CH0242442967
Isin,CH0242442991
Isin,CH0242443023
Isin,CH0242443049
Isin,CH0242443064
Isin,CH0242443072
Isin,CH0242443080
Isin,CH0242443106
Isin,CH0242443163
Isin,CH0242443171
Isin,CH0242443197
Isin,CH0242443254
Isin,CH0242443262
Isin,CH0242443270
Isin,CH0242443296
Isin,CH0253471384
Isin,CH0253471392
Isin,CH0253471400
Isin,CH0253471434
Isin,CH0253471848
Isin,CH0253472176
Isin,CH0261671991
Isin,CH0261672825
Isin,CH0261675968
Isin,CH0261675984
Isin,CH0261681214
Isin,CH0285904915
Isin,CH0285906167
Isin,CH0285906209
Isin,CH0285906449
Isin,CH0295518341
Isin,CH0295520784
Isin,CH0295520792
Isin,CH0295520800
Isin,CH0295520818
Isin,CH0295520826
Isin,CH0295520859
Isin,CH0295520891
Isin,CH0295520917
Isin,CH0295520925
Isin,CH0295520933
Isin,CH0295520941
Isin,CH0295520966
Isin,CH0295521048
Isin,CH0295521063
Isin,CH0295521071
Isin,CH0295521089
Isin,CH0295521105